,reward
0,-3447
1,-2481
2,-3065
3,-2243
4,-2203
5,-2812
6,-2525
7,-2583
8,-2173
9,-2290
10,-2165
11,-2406
12,-2856
13,-2671
14,-2323
15,-2381
16,-2554
17,-2585
18,-2509
19,-2120
20,-2380
21,-2377
22,-2470
23,-2197
24,-2691
25,-2285
26,-2452
27,-2354
28,-2983
29,-3078
30,-2843
31,-2722
32,-2239
33,-2273
34,-2555
35,-2075
36,-2217
37,-2718
38,-2683
39,-2510
40,-2585
41,-2686
42,-2192
43,-2529
44,-2309
45,-2603
46,-2511
47,-2304
48,-2431
49,-2566
50,-2421
51,-2871
52,-2011
53,-2608
54,-2659
55,-2292
56,-2304
57,-3145
58,-2523
59,-2378
60,-3180
61,-2399
62,-2008
63,-2188
64,-2026
65,-2404
66,-2127
67,-1969
68,-2101
69,-2481
70,-1959
71,-2202
72,-2325
73,-2533
74,-2218
75,-2180
76,-2085
77,-2270
78,-2497
79,-2682
80,-2829
81,-2073
82,-2183
83,-2329
84,-2442
85,-2152
86,-2172
87,-2287
88,-2081
89,-2161
90,-2052
91,-2253
92,-2089
93,-2424
94,-2163
95,-2148
96,-2313
97,-2167
98,-2133
99,-1812
100,-2239
101,-2108
102,-2270
103,-2178
104,-1857
105,-1914
106,-3023
107,-2085
108,-1981
109,-2190
110,-1877
111,-2426
112,-2100
113,-2413
114,-2484
115,-1990
116,-2032
117,-2014
118,-2020
119,-1790
120,-2097
121,-1969
122,-2101
123,-1927
124,-1681
125,-1611
126,-5025
127,-2029
128,-2295
129,-1765
130,-1809
131,-1735
132,-2205
133,-1980
134,-1998
135,-2369
136,-2143
137,-1939
138,-2119
139,-2177
140,-2221
141,-2182
142,-2081
143,-2010
144,-1767
145,-1932
146,-1742
147,-1895
148,-1884
149,-1869
150,-2324
151,-1769
152,-2213
153,-1816
154,-2407
155,-1874
156,-2281
157,-2068
158,-2015
159,-2049
160,-1984
161,-1788
162,-1840
163,-1784
164,-2138
165,-2000
166,-2012
167,-1861
168,-2023
169,-2108
170,-2147
171,-1929
172,-1598
173,-1999
174,-2200
175,-1966
176,-2046
177,-1925
178,-2381
179,-2111
180,-1594
181,-1975
182,-1972
183,-2021
184,-2196
185,-2323
186,-1963
187,-2033
188,-2108
189,-2123
190,-2056
191,-2046
192,-1841
193,-1597
194,-1753
195,-2318
196,-2071
197,-1927
198,-1821
199,-1983
200,-1825
201,-2295
202,-2073
203,-1838
204,-1833
205,-1915
206,-2077
207,-2033
208,-1842
209,-2010
210,-1827
211,-2139
212,-1978
213,-1847
214,-1791
215,-1997
216,-1857
217,-1931
218,-1875
219,-1746
220,-2758
221,-2197
222,-2088
223,-1847
224,-1870
225,-2152
226,-1920
227,-1736
228,-1747
229,-1712
230,-2025
231,-1672
232,-1921
233,-1789
234,-1867
235,-1978
236,-1617
237,-1955
238,-1879
239,-1635
240,-2124
241,-1718
242,-1806
243,-1738
244,-1778
245,-1976
246,-1825
247,-1981
248,-1968
249,-2087
250,-1808
251,-1920
252,-1860
253,-1786
254,-1767
255,-1870
256,-2251
257,-2023
258,-1651
259,-1973
260,-1794
261,-1617
262,-1492
263,-1799
264,-1751
265,-1735
266,-1700
267,-1813
268,-1797
269,-1811
270,-1754
271,-1699
272,-1730
273,-1874
274,-1807
275,-1638
276,-1865
277,-1818
278,-1764
279,-1843
280,-1910
281,-1897
282,-1597
283,-1555
284,-1872
285,-1383
286,-1841
287,-1683
288,-1917
289,-1733
290,-1968
291,-1657
292,-1710
293,-1571
294,-1800
295,-1564
296,-1657
297,-1927
298,-1654
299,-1759
300,-1805
301,-1909
302,-2017
303,-1890
304,-1577
305,-1911
306,-1932
307,-1661
308,-1755
309,-2125
310,-1749
311,-1748
312,-2169
313,-1759
314,-1742
315,-2008
316,-1465
317,-1667
318,-1830
319,-1792
320,-1781
321,-1715
322,-1751
323,-2042
324,-1589
325,-1573
326,-1836
327,-1935
328,-1717
329,-1743
330,-1697
331,-1687
332,-1733
333,-1840
334,-1848
335,-1769
336,-1616
337,-1885
338,-1792
339,-1553
340,-1589
341,-1986
342,-1747
343,-1764
344,-1865
345,-1576
346,-1675
347,-1814
348,-1606
349,-1607
350,-1888
351,-1831
352,-1719
353,-1735
354,-1742
355,-1612
356,-1520
357,-2166
358,-1590
359,-1835
360,-1628
361,-1770
362,-1787
363,-1870
364,-1826
365,-1634
366,-1721
367,-1564
368,-2002
369,-1701
370,-1750
371,-1982
372,-1625
373,-1580
374,-1655
375,-1994
376,-1919
377,-1506
378,-1631
379,-1521
380,-1679
381,-1618
382,-1720
383,-1602
384,-1456
385,-1722
386,-1660
387,-1799
388,-1635
389,-1747
390,-1636
391,-1640
392,-1547
393,-1416
394,-1722
395,-1872
396,-1583
397,-1766
398,-1613
399,-1700
400,-1977
401,-1536
402,-1813
403,-1569
404,-1915
405,-1652
406,-1544
407,-1498
408,-1778
409,-1571
410,-1444
411,-1634
412,-1760
413,-1950
414,-1449
415,-1590
416,-1684
417,-1969
418,-1638
419,-1650
420,-1605
421,-1746
422,-1606
423,-1489
424,-1892
425,-1645
426,-1679
427,-1604
428,-1681
429,-1391
430,-1526
431,-1597
432,-1728
433,-1445
434,-1647
435,-1549
436,-1527
437,-1613
438,-1825
439,-1644
440,-1439
441,-1519
442,-1523
443,-1629
444,-1903
445,-1464
446,-1401
447,-1694
448,-1454
449,-1748
450,-1694
451,-1572
452,-1628
453,-1599
454,-1608
455,-1627
456,-1477
457,-1495
458,-1747
459,-2056
460,-1497
461,-1590
462,-1568
463,-1433
464,-1531
465,-1403
466,-1399
467,-1804
468,-1784
469,-1861
470,-1426
471,-1539
472,-1520
473,-1448
474,-1687
475,-1568
476,-1507
477,-1480
478,-1618
479,-1692
480,-1989
481,-1504
482,-1632
483,-1712
484,-1574
485,-1448
486,-1544
487,-1638
488,-1508
489,-1588
490,-1700
491,-1502
492,-1552
493,-1779
494,-1669
495,-1594
496,-1561
497,-1558
498,-1513
499,-1593
500,-1704
501,-1568
502,-1623
503,-1581
504,-1398
505,-1576
506,-1666
507,-1483
508,-1488
509,-1730
510,-1612
511,-1471
512,-1639
513,-1571
514,-1575
515,-1580
516,-1644
517,-1820
518,-1514
519,-1483
520,-1539
521,-1436
522,-1439
523,-1541
524,-1554
525,-1632
526,-1653
527,-1602
528,-1456
529,-1754
530,-1663
531,-1444
532,-1493
533,-1619
534,-1304
535,-1690
536,-1320
537,-1519
538,-1271
539,-1515
540,-1522
541,-1529
542,-1633
543,-1530
544,-1475
545,-1339
546,-1526
547,-1313
548,-1646
549,-1485
550,-1726
551,-1788
552,-1527
553,-1457
554,-1558
555,-1447
556,-1537
557,-1760
558,-1687
559,-1515
560,-1580
561,-1639
562,-1447
563,-1426
564,-1478
565,-1696
566,-1544
567,-1773
568,-1479
569,-1525
570,-1620
571,-1544
572,-1560
573,-1808
574,-1660
575,-1483
576,-1404
577,-1466
578,-1519
579,-1543
580,-1289
581,-1439
582,-1557
583,-1645
584,-1504
585,-1352
586,-1763
587,-1602
588,-1570
589,-1339
590,-1876
591,-1345
592,-1472
593,-1604
594,-1699
595,-1629
596,-1573
597,-1624
598,-1421
599,-1551
600,-1397
601,-1377
602,-1456
603,-1363
604,-1661
605,-1566
606,-1587
607,-1488
608,-1633
609,-1499
610,-1502
611,-1481
612,-1418
613,-1542
614,-1470
615,-1603
616,-1575
617,-1442
618,-1574
619,-1386
620,-1371
621,-1622
622,-1502
623,-1648
624,-1483
625,-1532
626,-1400
627,-1614
628,-1453
629,-1449
630,-1618
631,-1579
632,-1598
633,-1614
634,-1489
635,-1320
636,-1344
637,-1655
638,-1369
639,-1463
640,-1551
641,-1741
642,-1419
643,-1595
644,-1300
645,-1369
646,-1337
647,-1333
648,-1332
649,-1468
650,-1650
651,-1597
652,-1488
653,-1622
654,-1445
655,-1451
656,-1343
657,-1306
658,-1576
659,-1301
660,-1433
661,-1302
662,-1524
663,-1366
664,-1298
665,-1429
666,-1637
667,-1510
668,-1549
669,-1510
670,-1317
671,-1515
672,-1466
673,-1462
674,-1504
675,-1662
676,-1629
677,-1201
678,-1284
679,-1359
680,-1681
681,-1544
682,-1714
683,-1545
684,-1490
685,-1419
686,-1401
687,-1619
688,-1331
689,-1471
690,-1555
691,-1323
692,-1319
693,-1250
694,-1618
695,-1339
696,-1587
697,-1298
698,-1250
699,-1411
700,-1525
701,-1521
702,-1478
703,-1440
704,-1643
705,-1489
706,-1533
707,-1242
708,-1516
709,-1390
710,-1337
711,-1331
712,-1425
713,-1243
714,-1453
715,-1475
716,-1439
717,-1426
718,-1513
719,-1357
720,-1435
721,-1483
722,-1517
723,-1372
724,-1508
725,-1437
726,-1521
727,-1527
728,-1435
729,-1227
730,-1355
731,-1413
732,-1552
733,-1518
734,-1475
735,-1431
736,-1566
737,-1462
738,-1562
739,-1387
740,-1627
741,-1257
742,-1357
743,-1457
744,-1587
745,-1327
746,-1228
747,-1342
748,-1446
749,-1485
750,-1466
751,-1235
752,-1665
753,-1522
754,-1445
755,-1570
756,-1527
757,-1444
758,-1349
759,-1467
760,-1350
761,-1485
762,-1534
763,-1701
764,-1556
765,-1432
766,-1474
767,-1456
768,-1259
769,-1220
770,-1476
771,-1355
772,-1280
773,-1317
774,-1364
775,-1547
776,-1424
777,-1310
778,-1275
779,-1373
780,-1618
781,-1320
782,-1253
783,-1425
784,-1432
785,-1395
786,-1479
787,-1418
788,-1364
789,-1453
790,-1604
791,-1336
792,-1636
793,-1532
794,-1453
795,-1370
796,-1327
797,-1350
798,-1278
799,-1299
800,-1351
801,-1361
802,-1246
803,-1464
804,-1318
805,-1503
806,-1661
807,-1227
808,-1532
809,-1368
810,-1456
811,-1375
812,-1554
813,-1270
814,-1490
815,-1518
816,-1318
817,-1317
818,-1505
819,-1396
820,-1167
821,-1356
822,-1399
823,-1422
824,-1359
825,-1315
826,-1258
827,-1320
828,-1285
829,-1517
830,-1472
831,-1318
832,-1278
833,-1451
834,-1170
835,-1379
836,-1455
837,-1533
838,-1416
839,-1264
840,-1441
841,-1483
842,-1290
843,-1407
844,-1423
845,-1347
846,-1458
847,-1525
848,-1473
849,-1374
850,-1300
851,-1353
852,-1570
853,-1402
854,-1381
855,-1196
856,-1319
857,-1295
858,-1346
859,-1360
860,-1277
861,-1219
862,-1505
863,-1336
864,-1502
865,-1443
866,-1261
867,-1246
868,-1448
869,-1468
870,-1395
871,-1344
872,-1562
873,-1292
874,-1360
875,-1194
876,-1153
877,-1341
878,-1313
879,-1299
880,-1314
881,-1374
882,-1415
883,-1444
884,-1442
885,-1321
886,-1712
887,-1240
888,-1357
889,-1330
890,-1297
891,-1310
892,-1324
893,-1446
894,-1378
895,-1403
896,-1499
897,-1510
898,-1244
899,-1388
900,-1329
901,-1268
902,-1335
903,-1307
904,-1583
905,-1424
906,-1271
907,-1279
908,-1485
909,-1408
910,-1376
911,-1303
912,-1300
913,-1413
914,-1459
915,-1411
916,-1218
917,-1398
918,-1247
919,-1458
920,-1390
921,-1181
922,-1429
923,-1379
924,-1346
925,-1764
926,-1257
927,-1503
928,-1450
929,-1339
930,-1556
931,-1417
932,-1319
933,-1191
934,-1474
935,-1437
936,-1457
937,-1335
938,-1359
939,-1589
940,-1374
941,-1426
942,-1343
943,-1244
944,-1328
945,-1241
946,-1393
947,-1379
948,-1316
949,-1468
950,-1374
951,-1321
952,-1311
953,-1469
954,-1492
955,-1401
956,-1486
957,-1421
958,-1369
959,-1430
960,-1394
961,-1569
962,-1419
963,-1142
964,-1278
965,-1560
966,-1265
967,-1309
968,-1335
969,-1199
970,-1220
971,-1567
972,-1266
973,-1480
974,-1246
975,-1368
976,-1427
977,-1415
978,-1314
979,-1377
980,-1324
981,-1239
982,-1211
983,-1382
984,-1446
985,-1358
986,-1307
987,-1433
988,-1597
989,-1291
990,-1416
991,-1589
992,-1280
993,-1399
994,-1268
995,-1214
996,-1420
997,-1201
998,-1413
999,-1289
1000,-1317
1001,-1503
1002,-1407
1003,-1366
1004,-1539
1005,-1507
1006,-1297
1007,-1533
1008,-1412
1009,-1338
1010,-1376
1011,-1372
1012,-1364
1013,-1397
1014,-1229
1015,-1382
1016,-1521
1017,-1325
1018,-1323
1019,-1451
1020,-1512
1021,-1304
1022,-1470
1023,-1258
1024,-1247
1025,-1383
1026,-1545
1027,-1292
1028,-1264
1029,-1342
1030,-1417
1031,-1300
1032,-1409
1033,-1367
1034,-1334
1035,-1366
1036,-1187
1037,-1312
1038,-1457
1039,-1669
1040,-1416
1041,-1324
1042,-1310
1043,-1413
1044,-1267
1045,-1581
1046,-1414
1047,-1725
1048,-1276
1049,-1268
1050,-1649
1051,-1407
1052,-1357
1053,-1181
1054,-1269
1055,-1459
1056,-1355
1057,-1528
1058,-1343
1059,-1359
1060,-1383
1061,-1430
1062,-1416
1063,-1244
1064,-1377
1065,-1165
1066,-1464
1067,-1199
1068,-1448
1069,-1183
1070,-1439
1071,-1392
1072,-1343
1073,-1366
1074,-1195
1075,-1524
1076,-1759
1077,-1370
1078,-1546
1079,-1184
1080,-1367
1081,-1275
1082,-1369
1083,-1221
1084,-1323
1085,-1421
1086,-1341
1087,-1236
1088,-1222
1089,-1496
1090,-1271
1091,-1431
1092,-1280
1093,-1388
1094,-1276
1095,-1158
1096,-1208
1097,-1284
1098,-1131
1099,-1270
1100,-1299
1101,-1313
1102,-1187
1103,-1312
1104,-1183
1105,-1158
1106,-1306
1107,-1196
1108,-1180
1109,-1306
1110,-1575
1111,-1321
1112,-1200
1113,-1245
1114,-1288
1115,-1414
1116,-1212
1117,-1261
1118,-1250
1119,-1360
1120,-1321
1121,-1358
1122,-1305
1123,-1281
1124,-1553
1125,-1412
1126,-1305
1127,-1430
1128,-1325
1129,-1329
1130,-1310
1131,-1386
1132,-1284
1133,-1273
1134,-1337
1135,-1201
1136,-1363
1137,-1292
1138,-1423
1139,-1484
1140,-1313
1141,-1429
1142,-1440
1143,-1175
1144,-1256
1145,-1234
1146,-1482
1147,-1350
1148,-1362
1149,-1288
1150,-1084
1151,-1196
1152,-1395
1153,-1200
1154,-1280
1155,-1173
1156,-1333
1157,-1258
1158,-1129
1159,-1189
1160,-1366
1161,-1209
1162,-1294
1163,-1229
1164,-1316
1165,-1214
1166,-1204
1167,-1450
1168,-1177
1169,-1212
1170,-1229
1171,-1482
1172,-1302
1173,-1222
1174,-1202
1175,-1246
1176,-1357
1177,-1288
1178,-1450
1179,-1502
1180,-1232
1181,-1356
1182,-1141
1183,-1246
1184,-1383
1185,-1200
1186,-1230
1187,-1337
1188,-1199
1189,-1466
1190,-1295
1191,-1399
1192,-1261
1193,-1584
1194,-1316
1195,-1300
1196,-1178
1197,-1338
1198,-1361
1199,-1286
1200,-1233
1201,-1195
1202,-1147
1203,-1247
1204,-1198
1205,-1176
1206,-1341
1207,-1249
1208,-1280
1209,-1210
1210,-1481
1211,-1433
1212,-1302
1213,-1367
1214,-1234
1215,-1274
1216,-1400
1217,-1239
1218,-1372
1219,-1435
1220,-1215
1221,-1355
1222,-1603
1223,-1274
1224,-1371
1225,-1116
1226,-1403
1227,-1155
1228,-1251
1229,-1096
1230,-1296
1231,-1412
1232,-1315
1233,-1462
1234,-1445
1235,-1377
1236,-1379
1237,-1181
1238,-1248
1239,-1247
1240,-1335
1241,-1239
1242,-1131
1243,-1218
1244,-1411
1245,-1237
1246,-1351
1247,-1285
1248,-1067
1249,-1276
1250,-1436
1251,-1346
1252,-1277
1253,-1296
1254,-1171
1255,-1146
1256,-1213
1257,-1254
1258,-1303
1259,-1295
1260,-1344
1261,-1313
1262,-1195
1263,-1301
1264,-1193
1265,-1061
1266,-1276
1267,-1271
1268,-1406
1269,-1240
1270,-1325
1271,-1366
1272,-1496
1273,-1403
1274,-1172
1275,-1148
1276,-1257
1277,-1260
1278,-1319
1279,-1240
1280,-1132
1281,-1308
1282,-1345
1283,-1229
1284,-1225
1285,-1172
1286,-1339
1287,-1235
1288,-1380
1289,-1308
1290,-1373
1291,-1308
1292,-1243
1293,-1203
1294,-1141
1295,-1236
1296,-1426
1297,-1443
1298,-1316
1299,-1357
1300,-1280
1301,-1167
1302,-1362
1303,-1449
1304,-1367
1305,-1245
1306,-1263
1307,-1333
1308,-1145
1309,-1175
1310,-1390
1311,-1551
1312,-1356
1313,-1268
1314,-1085
1315,-1404
1316,-1654
1317,-1334
1318,-1350
1319,-1272
1320,-1370
1321,-1142
1322,-1332
1323,-1545
1324,-1329
1325,-1172
1326,-1304
1327,-1340
1328,-1362
1329,-1383
1330,-1300
1331,-1341
1332,-1219
1333,-1417
1334,-1231
1335,-1076
1336,-1355
1337,-1298
1338,-1335
1339,-1228
1340,-1268
1341,-1325
1342,-1336
1343,-1260
1344,-1234
1345,-1193
1346,-1425
1347,-1136
1348,-1435
1349,-1439
1350,-1186
1351,-1423
1352,-1295
1353,-1212
1354,-1510
1355,-1364
1356,-1587
1357,-1357
1358,-1242
1359,-1348
1360,-1238
1361,-1094
1362,-1320
1363,-1197
1364,-1396
1365,-1398
1366,-1370
1367,-1245
1368,-1312
1369,-1238
1370,-1354
1371,-1285
1372,-1187
1373,-1267
1374,-1323
1375,-1402
1376,-1228
1377,-1334
1378,-1306
1379,-1381
1380,-1266
1381,-1353
1382,-1280
1383,-1229
1384,-1307
1385,-1255
1386,-1266
1387,-1202
1388,-1254
1389,-1679
1390,-1135
1391,-1256
1392,-1257
1393,-1246
1394,-1297
1395,-1211
1396,-1391
1397,-1191
1398,-1149
1399,-1308
1400,-1440
1401,-1339
1402,-1397
1403,-1160
1404,-1229
1405,-1317
1406,-1218
1407,-1233
1408,-1414
1409,-1418
1410,-1185
1411,-1190
1412,-1378
1413,-1217
1414,-1204
1415,-1123
1416,-1273
1417,-1148
1418,-1206
1419,-1292
1420,-1363
1421,-1247
1422,-1239
1423,-1185
1424,-1272
1425,-1309
1426,-1268
1427,-1202
1428,-1344
1429,-1285
1430,-1279
1431,-1352
1432,-1126
1433,-1265
1434,-1184
1435,-1340
1436,-1359
1437,-1462
1438,-1071
1439,-1257
1440,-1235
1441,-1280
1442,-1197
1443,-1427
1444,-1063
1445,-1232
1446,-1303
1447,-1153
1448,-1265
1449,-1208
1450,-1119
1451,-1162
1452,-1356
1453,-1253
1454,-1428
1455,-1226
1456,-1185
1457,-1450
1458,-1444
1459,-1374
1460,-1265
1461,-1395
1462,-1130
1463,-1590
1464,-1145
1465,-1158
1466,-1263
1467,-1309
1468,-1299
1469,-1266
1470,-1236
1471,-1416
1472,-1196
1473,-1171
1474,-1380
1475,-1294
1476,-1194
1477,-1326
1478,-1356
1479,-1416
1480,-1252
1481,-1337
1482,-1239
1483,-1114
1484,-1209
1485,-1435
1486,-1167
1487,-1253
1488,-1375
1489,-1270
1490,-1293
1491,-1197
1492,-1242
1493,-1166
1494,-1102
1495,-1323
1496,-1216
1497,-1212
1498,-1250
1499,-1129
1500,-1208
1501,-1448
1502,-1156
1503,-1503
1504,-1288
1505,-1189
1506,-1268
1507,-1116
1508,-1164
1509,-1176
1510,-1367
1511,-1071
1512,-1141
1513,-1189
1514,-1228
1515,-1015
1516,-1198
1517,-1380
1518,-1210
1519,-1244
1520,-1235
1521,-1369
1522,-1207
1523,-1332
1524,-1231
1525,-1212
1526,-1284
1527,-1321
1528,-1272
1529,-1274
1530,-1392
1531,-1120
1532,-1145
1533,-1209
1534,-1182
1535,-1221
1536,-1351
1537,-954
1538,-1285
1539,-1378
1540,-1164
1541,-1239
1542,-1270
1543,-1324
1544,-1133
1545,-1112
1546,-1189
1547,-1275
1548,-1239
1549,-1317
1550,-1409
1551,-1291
1552,-1118
1553,-1273
1554,-1207
1555,-1201
1556,-1309
1557,-1266
1558,-1245
1559,-1405
1560,-1177
1561,-1281
1562,-1368
1563,-1270
1564,-1302
1565,-1213
1566,-1086
1567,-1174
1568,-1385
1569,-1083
1570,-1606
1571,-1107
1572,-1264
1573,-1315
1574,-1080
1575,-1230
1576,-1190
1577,-1213
1578,-1318
1579,-1238
1580,-1118
1581,-1093
1582,-1067
1583,-1422
1584,-1443
1585,-1296
1586,-1246
1587,-1297
1588,-1172
1589,-1213
1590,-1212
1591,-1266
1592,-1398
1593,-1260
1594,-1064
1595,-1371
1596,-1315
1597,-1102
1598,-1408
1599,-1304
1600,-1220
1601,-1167
1602,-1263
1603,-1283
1604,-1509
1605,-1403
1606,-1322
1607,-1203
1608,-1329
1609,-1467
1610,-1266
1611,-1150
1612,-1103
1613,-1370
1614,-1197
1615,-1383
1616,-1201
1617,-1246
1618,-1270
1619,-1177
1620,-1252
1621,-1232
1622,-1163
1623,-1096
1624,-1203
1625,-1092
1626,-1272
1627,-1107
1628,-1059
1629,-1224
1630,-1092
1631,-1327
1632,-1235
1633,-1278
1634,-1120
1635,-1246
1636,-1209
1637,-1154
1638,-1385
1639,-1177
1640,-1322
1641,-1050
1642,-1178
1643,-1170
1644,-1536
1645,-1186
1646,-1184
1647,-1261
1648,-1296
1649,-1308
1650,-1111
1651,-1280
1652,-1111
1653,-1091
1654,-1148
1655,-1286
1656,-1092
1657,-1186
1658,-1304
1659,-1332
1660,-1268
1661,-1214
1662,-1138
1663,-1098
1664,-1082
1665,-1272
1666,-1101
1667,-1245
1668,-1262
1669,-1243
1670,-1380
1671,-1141
1672,-1279
1673,-1075
1674,-1144
1675,-1217
1676,-1313
1677,-1261
1678,-1206
1679,-1276
1680,-1220
1681,-1057
1682,-1059
1683,-1048
1684,-1117
1685,-1109
1686,-1260
1687,-1200
1688,-1250
1689,-1443
1690,-1366
1691,-1243
1692,-1448
1693,-1350
1694,-1375
1695,-1327
1696,-1364
1697,-1145
1698,-1141
1699,-1100
1700,-1166
1701,-1175
1702,-1147
1703,-1205
1704,-1311
1705,-1167
1706,-1162
1707,-1157
1708,-1267
1709,-1271
1710,-1381
1711,-1216
1712,-1322
1713,-1017
1714,-1429
1715,-1115
1716,-1291
1717,-1176
1718,-1108
1719,-1154
1720,-1106
1721,-1272
1722,-1244
1723,-1293
1724,-1087
1725,-1356
1726,-1153
1727,-1204
1728,-1162
1729,-1219
1730,-1124
1731,-1323
1732,-1340
1733,-1302
1734,-1112
1735,-1152
1736,-1190
1737,-1237
1738,-1211
1739,-1035
1740,-1231
1741,-960
1742,-1057
1743,-1329
1744,-1218
1745,-1280
1746,-1109
1747,-1137
1748,-1223
1749,-1203
1750,-1238
1751,-1344
1752,-1148
1753,-1176
1754,-1222
1755,-1232
1756,-1167
1757,-1277
1758,-1137
1759,-1000
1760,-1131
1761,-1076
1762,-1130
1763,-1368
1764,-1134
1765,-1128
1766,-1244
1767,-1140
1768,-1140
1769,-1178
1770,-1418
1771,-1098
1772,-1170
1773,-1192
1774,-1263
1775,-1224
1776,-1149
1777,-1168
1778,-1028
1779,-1154
1780,-1255
1781,-1007
1782,-1029
1783,-1106
1784,-1164
1785,-1192
1786,-1222
1787,-1401
1788,-1178
1789,-1050
1790,-1197
1791,-1176
1792,-1096
1793,-1122
1794,-1044
1795,-1284
1796,-1343
1797,-1170
1798,-1248
1799,-1248
1800,-1066
1801,-1232
1802,-1046
1803,-1042
1804,-1054
1805,-1412
1806,-1318
1807,-1341
1808,-1187
1809,-1249
1810,-1221
1811,-1101
1812,-1197
1813,-1260
1814,-1243
1815,-1291
1816,-1154
1817,-1331
1818,-1400
1819,-1152
1820,-1215
1821,-1148
1822,-990
1823,-1158
1824,-1091
1825,-1148
1826,-1206
1827,-1213
1828,-1047
1829,-1064
1830,-1346
1831,-1136
1832,-1216
1833,-1229
1834,-1194
1835,-1269
1836,-1157
1837,-1107
1838,-1154
1839,-1212
1840,-1105
1841,-1091
1842,-1347
1843,-1245
1844,-1273
1845,-1345
1846,-1158
1847,-1206
1848,-1296
1849,-1059
1850,-1266
1851,-1117
1852,-1145
1853,-1106
1854,-1280
1855,-1098
1856,-1385
1857,-1113
1858,-1120
1859,-1133
1860,-1045
1861,-1356
1862,-1085
1863,-1019
1864,-1264
1865,-1155
1866,-1234
1867,-1159
1868,-1405
1869,-1074
1870,-979
1871,-1079
1872,-1066
1873,-1135
1874,-1317
1875,-1079
1876,-1029
1877,-1231
1878,-1274
1879,-1219
1880,-1228
1881,-1122
1882,-1182
1883,-1357
1884,-1102
1885,-1116
1886,-1133
1887,-1145
1888,-1217
1889,-1087
1890,-1133
1891,-1265
1892,-1075
1893,-1463
1894,-1097
1895,-1111
1896,-1094
1897,-1018
1898,-1285
1899,-1146
1900,-1101
1901,-1071
1902,-1270
1903,-1052
1904,-1280
1905,-1223
1906,-1390
1907,-1226
1908,-1316
1909,-1138
1910,-1238
1911,-1192
1912,-1002
1913,-1157
1914,-1194
1915,-1117
1916,-1374
1917,-1105
1918,-1202
1919,-1037
1920,-1203
1921,-1192
1922,-1227
1923,-1292
1924,-1238
1925,-1309
1926,-1159
1927,-1094
1928,-1011
1929,-1281
1930,-1105
1931,-984
1932,-1381
1933,-1141
1934,-1108
1935,-1253
1936,-1237
1937,-1131
1938,-1099
1939,-1146
1940,-1478
1941,-1143
1942,-1087
1943,-1199
1944,-1169
1945,-1109
1946,-1257
1947,-1132
1948,-1166
1949,-1354
1950,-1172
1951,-1073
1952,-1184
1953,-1275
1954,-1006
1955,-1373
1956,-1276
1957,-1121
1958,-1233
1959,-1205
1960,-1327
1961,-1275
1962,-1272
1963,-1097
1964,-1113
1965,-1050
1966,-1205
1967,-1307
1968,-1228
1969,-1252
1970,-1063
1971,-1262
1972,-1113
1973,-1150
1974,-1141
1975,-1000
1976,-1224
1977,-1326
1978,-1132
1979,-1441
1980,-1116
1981,-978
1982,-1165
1983,-1207
1984,-1386
1985,-1132
1986,-1161
1987,-1144
1988,-1059
1989,-1237
1990,-1140
1991,-1070
1992,-1184
1993,-1149
1994,-1331
1995,-1067
1996,-1121
1997,-1216
1998,-1164
1999,-1152
2000,-1129
2001,-1288
2002,-1037
2003,-1228
2004,-1225
2005,-1101
2006,-1236
2007,-1265
2008,-1102
2009,-1035
2010,-1205
2011,-1086
2012,-1343
2013,-1066
2014,-1146
2015,-1084
2016,-1171
2017,-1201
2018,-1193
2019,-1246
2020,-1346
2021,-1140
2022,-1346
2023,-1096
2024,-1128
2025,-1295
2026,-1104
2027,-1128
2028,-1241
2029,-1291
2030,-1373
2031,-1122
2032,-1020
2033,-1121
2034,-998
2035,-1165
2036,-1114
2037,-1130
2038,-1181
2039,-1245
2040,-1104
2041,-1039
2042,-1060
2043,-1154
2044,-1047
2045,-1165
2046,-1096
2047,-1157
2048,-1240
2049,-1151
2050,-1328
2051,-1182
2052,-1084
2053,-1136
2054,-1195
2055,-968
2056,-956
2057,-1058
2058,-1093
2059,-1229
2060,-1139
2061,-1093
2062,-1138
2063,-1167
2064,-1146
2065,-1218
2066,-1237
2067,-1211
2068,-1266
2069,-1153
2070,-1099
2071,-1268
2072,-1108
2073,-1167
2074,-1135
2075,-1129
2076,-1280
2077,-1051
2078,-1126
2079,-1128
2080,-982
2081,-1197
2082,-1292
2083,-1041
2084,-1282
2085,-1070
2086,-1099
2087,-1165
2088,-1210
2089,-1088
2090,-1266
2091,-1284
2092,-1146
2093,-1063
2094,-1126
2095,-1061
2096,-1077
2097,-1010
2098,-1189
2099,-1128
2100,-1150
2101,-1097
2102,-1038
2103,-1200
2104,-1025
2105,-1124
2106,-1310
2107,-1074
2108,-1153
2109,-1123
2110,-1119
2111,-1106
2112,-1242
2113,-1218
2114,-1248
2115,-1365
2116,-1171
2117,-1217
2118,-1028
2119,-1169
2120,-1192
2121,-1215
2122,-1130
2123,-1079
2124,-1116
2125,-1276
2126,-1105
2127,-1045
2128,-1338
2129,-1316
2130,-1107
2131,-1085
2132,-1153
2133,-1107
2134,-1217
2135,-1022
2136,-1094
2137,-947
2138,-1106
2139,-1141
2140,-1108
2141,-1058
2142,-1220
2143,-1177
2144,-1114
2145,-1102
2146,-1319
2147,-1168
2148,-1128
2149,-1019
2150,-1209
2151,-1034
2152,-1219
2153,-1013
2154,-1355
2155,-1297
2156,-1078
2157,-1127
2158,-1056
2159,-1041
2160,-980
2161,-1192
2162,-1252
2163,-1171
2164,-1127
2165,-1184
2166,-961
2167,-1177
2168,-1192
2169,-1067
2170,-1059
2171,-1276
2172,-1091
2173,-1226
2174,-1068
2175,-1074
2176,-1015
2177,-1076
2178,-1044
2179,-1114
2180,-1177
2181,-1023
2182,-1228
2183,-1054
2184,-1220
2185,-1088
2186,-1228
2187,-1064
2188,-1139
2189,-1110
2190,-1393
2191,-1265
2192,-1145
2193,-1152
2194,-1057
2195,-1112
2196,-993
2197,-1149
2198,-1249
2199,-1111
2200,-986
2201,-1316
2202,-1012
2203,-1134
2204,-1068
2205,-988
2206,-1034
2207,-925
2208,-1166
2209,-978
2210,-1106
2211,-1193
2212,-1095
2213,-1160
2214,-1113
2215,-1143
2216,-1210
2217,-1306
2218,-1124
2219,-1217
2220,-1075
2221,-1116
2222,-1017
2223,-1091
2224,-1095
2225,-1230
2226,-1005
2227,-1073
2228,-1135
2229,-1132
2230,-1187
2231,-1047
2232,-978
2233,-1124
2234,-1001
2235,-1248
2236,-987
2237,-1234
2238,-1017
2239,-1242
2240,-1138
2241,-1141
2242,-1199
2243,-1130
2244,-1024
2245,-1266
2246,-1111
2247,-1091
2248,-1043
2249,-1042
2250,-1145
2251,-1302
2252,-1096
2253,-1244
2254,-993
2255,-1140
2256,-1063
2257,-1194
2258,-1220
2259,-1155
2260,-1296
2261,-1471
2262,-1178
2263,-957
2264,-1329
2265,-1140
2266,-977
2267,-1195
2268,-1111
2269,-1263
2270,-1174
2271,-1087
2272,-1117
2273,-1314
2274,-1059
2275,-1129
2276,-951
2277,-963
2278,-1309
2279,-1251
2280,-1189
2281,-1194
2282,-1095
2283,-1020
2284,-1035
2285,-1042
2286,-1284
2287,-1051
2288,-1371
2289,-1150
2290,-1186
2291,-1083
2292,-1042
2293,-1099
2294,-1171
2295,-1041
2296,-1030
2297,-1010
2298,-1204
2299,-1040
2300,-996
2301,-1289
2302,-1119
2303,-1096
2304,-1078
2305,-1063
2306,-1000
2307,-1055
2308,-1154
2309,-1153
2310,-1120
2311,-1121
2312,-1052
2313,-1217
2314,-1042
2315,-990
2316,-1180
2317,-1098
2318,-1065
2319,-1126
2320,-1006
2321,-1075
2322,-958
2323,-1084
2324,-1258
2325,-1101
2326,-977
2327,-1183
2328,-1202
2329,-1167
2330,-1155
2331,-1101
2332,-1265
2333,-1057
2334,-1015
2335,-1190
2336,-1090
2337,-1086
2338,-1030
2339,-1098
2340,-1023
2341,-949
2342,-1077
2343,-1090
2344,-1126
2345,-1004
2346,-1112
2347,-1112
2348,-1344
2349,-1130
2350,-1281
2351,-1112
2352,-1183
2353,-1143
2354,-1090
2355,-1144
2356,-997
2357,-1212
2358,-1053
2359,-1085
2360,-1045
2361,-1220
2362,-1052
2363,-1219
2364,-1459
2365,-1067
2366,-1202
2367,-1148
2368,-1198
2369,-1277
2370,-1042
2371,-1132
2372,-1240
2373,-1404
2374,-1173
2375,-978
2376,-1041
2377,-1156
2378,-1166
2379,-923
2380,-1134
2381,-1330
2382,-1181
2383,-1211
2384,-1043
2385,-1140
2386,-1035
2387,-1363
2388,-1063
2389,-1111
2390,-1170
2391,-1049
2392,-1068
2393,-995
2394,-1081
2395,-1174
2396,-944
2397,-1141
2398,-1241
2399,-1156
2400,-1042
2401,-1222
2402,-1155
2403,-1090
2404,-1086
2405,-1128
2406,-1003
2407,-1053
2408,-1100
2409,-1142
2410,-1234
2411,-1153
2412,-1176
2413,-1249
2414,-1127
2415,-1256
2416,-1247
2417,-1080
2418,-1163
2419,-1088
2420,-1031
2421,-1134
2422,-1040
2423,-1192
2424,-1230
2425,-1276
2426,-941
2427,-992
2428,-1189
2429,-1113
2430,-1241
2431,-1314
2432,-975
2433,-1221
2434,-983
2435,-1351
2436,-1053
2437,-1361
2438,-1245
2439,-1329
2440,-1324
2441,-1189
2442,-1222
2443,-1002
2444,-1359
2445,-1103
2446,-1126
2447,-1200
2448,-1015
2449,-1312
2450,-1323
2451,-1053
2452,-1233
2453,-1186
2454,-962
2455,-1158
2456,-1040
2457,-1136
2458,-1011
2459,-955
2460,-1100
2461,-1233
2462,-1221
2463,-1349
2464,-1277
2465,-1337
2466,-1140
2467,-1293
2468,-1269
2469,-1011
2470,-1036
2471,-1063
2472,-1129
2473,-1201
2474,-1193
2475,-1300
2476,-1026
2477,-1089
2478,-1258
2479,-1115
2480,-1233
2481,-1430
2482,-1075
2483,-1105
2484,-1065
2485,-1033
2486,-1133
2487,-1210
2488,-1092
2489,-1044
2490,-1202
2491,-1106
2492,-1076
2493,-1110
2494,-1162
2495,-1178
2496,-944
2497,-979
2498,-1081
2499,-1140
2500,-1051
2501,-1146
2502,-1229
2503,-1149
2504,-1138
2505,-1286
2506,-1125
2507,-1152
2508,-1161
2509,-1132
2510,-1287
2511,-1278
2512,-1201
2513,-1020
2514,-1055
2515,-1144
2516,-1024
2517,-1236
2518,-1200
2519,-1039
2520,-1194
2521,-1277
2522,-1182
2523,-1110
2524,-1066
2525,-1022
2526,-1070
2527,-1235
2528,-1328
2529,-1311
2530,-1197
2531,-1178
2532,-1049
2533,-914
2534,-1062
2535,-1138
2536,-1183
2537,-1009
2538,-942
2539,-1126
2540,-1033
2541,-1021
2542,-1212
2543,-1028
2544,-1133
2545,-1148
2546,-1231
2547,-1113
2548,-1055
2549,-1255
2550,-1379
2551,-1134
2552,-1047
2553,-1172
2554,-1262
2555,-1241
2556,-1025
2557,-1045
2558,-1267
2559,-1017
2560,-1172
2561,-1031
2562,-1089
2563,-1024
2564,-1082
2565,-1073
2566,-1335
2567,-984
2568,-1071
2569,-1094
2570,-1083
2571,-1064
2572,-1207
2573,-1123
2574,-1069
2575,-1273
2576,-1191
2577,-1116
2578,-1457
2579,-1181
2580,-1119
2581,-1106
2582,-957
2583,-1080
2584,-1127
2585,-1324
2586,-1134
2587,-1256
2588,-1172
2589,-1159
2590,-1096
2591,-993
2592,-1269
2593,-1069
2594,-1116
2595,-1072
2596,-1051
2597,-1021
2598,-1061
2599,-1195
2600,-1185
2601,-1359
2602,-952
2603,-1048
2604,-1135
2605,-1226
2606,-1090
2607,-1150
2608,-1046
2609,-1182
2610,-1205
2611,-1076
2612,-1058
2613,-1096
2614,-1234
2615,-1005
2616,-1222
2617,-1155
2618,-926
2619,-1028
2620,-978
2621,-1121
2622,-1083
2623,-1225
2624,-1034
2625,-1088
2626,-1008
2627,-1293
2628,-1137
2629,-997
2630,-1297
2631,-1320
2632,-1177
2633,-944
2634,-1042
2635,-1107
2636,-1096
2637,-1029
2638,-1097
2639,-1151
2640,-1151
2641,-1081
2642,-1093
2643,-1100
2644,-1099
2645,-1063
2646,-1157
2647,-1086
2648,-1151
2649,-1021
2650,-1030
2651,-1170
2652,-1119
2653,-1066
2654,-1002
2655,-1070
2656,-1042
2657,-973
2658,-1148
2659,-1218
2660,-1179
2661,-1112
2662,-1132
2663,-1065
2664,-1063
2665,-1137
2666,-1190
2667,-1069
2668,-1187
2669,-1233
2670,-997
2671,-1125
2672,-1252
2673,-1174
2674,-1033
2675,-934
2676,-1162
2677,-1134
2678,-983
2679,-1130
2680,-967
2681,-1151
2682,-1231
2683,-1236
2684,-1262
2685,-1135
2686,-965
2687,-1052
2688,-1133
2689,-1001
2690,-1037
2691,-1110
2692,-1094
2693,-1085
2694,-1184
2695,-1065
2696,-932
2697,-1063
2698,-1185
2699,-1135
2700,-1036
2701,-1047
2702,-1058
2703,-1209
2704,-1074
2705,-1140
2706,-1051
2707,-1051
2708,-1069
2709,-1126
2710,-1297
2711,-1239
2712,-1247
2713,-1081
2714,-1260
2715,-1213
2716,-1037
2717,-1232
2718,-1253
2719,-1111
2720,-1175
2721,-1114
2722,-1308
2723,-1094
2724,-1263
2725,-1132
2726,-1137
2727,-1183
2728,-1156
2729,-1081
2730,-1072
2731,-1164
2732,-1195
2733,-951
2734,-1136
2735,-1009
2736,-1000
2737,-1072
2738,-1105
2739,-1157
2740,-1267
2741,-1092
2742,-1045
2743,-1020
2744,-1028
2745,-990
2746,-1038
2747,-1191
2748,-1484
2749,-989
2750,-1034
2751,-1027
2752,-1051
2753,-1190
2754,-1011
2755,-1074
2756,-999
2757,-1317
2758,-1005
2759,-1048
2760,-1161
2761,-977
2762,-1032
2763,-1167
2764,-1006
2765,-1118
2766,-1043
2767,-1132
2768,-1041
2769,-1214
2770,-1085
2771,-1124
2772,-1035
2773,-1002
2774,-1066
2775,-1203
2776,-1345
2777,-1195
2778,-1279
2779,-1174
2780,-956
2781,-1000
2782,-1097
2783,-1074
2784,-1051
2785,-918
2786,-1156
2787,-1100
2788,-1301
2789,-1054
2790,-1215
2791,-1026
2792,-1303
2793,-1006
2794,-1116
2795,-1051
2796,-1027
2797,-1070
2798,-1281
2799,-996
2800,-1098
2801,-1035
2802,-1104
2803,-1102
2804,-1055
2805,-1117
2806,-1090
2807,-1046
2808,-1065
2809,-1002
2810,-1034
2811,-1031
2812,-1035
2813,-1261
2814,-961
2815,-1095
2816,-998
2817,-976
2818,-1111
2819,-1071
2820,-1127
2821,-908
2822,-1088
2823,-1144
2824,-1056
2825,-1171
2826,-1164
2827,-993
2828,-1082
2829,-1133
2830,-1087
2831,-1101
2832,-932
2833,-1087
2834,-1126
2835,-1089
2836,-1426
2837,-1012
2838,-986
2839,-987
2840,-938
2841,-949
2842,-1223
2843,-1003
2844,-1043
2845,-1035
2846,-984
2847,-1039
2848,-991
2849,-993
2850,-1039
2851,-1122
2852,-1076
2853,-1191
2854,-1047
2855,-1236
2856,-1173
2857,-963
2858,-1035
2859,-1055
2860,-1046
2861,-944
2862,-1124
2863,-1231
2864,-953
2865,-897
2866,-1234
2867,-1212
2868,-959
2869,-1213
2870,-1164
2871,-1255
2872,-971
2873,-1045
2874,-1111
2875,-969
2876,-1081
2877,-1030
2878,-1319
2879,-1082
2880,-1185
2881,-1200
2882,-948
2883,-1028
2884,-1123
2885,-1058
2886,-1067
2887,-1071
2888,-1055
2889,-1220
2890,-1058
2891,-1162
2892,-1219
2893,-987
2894,-1230
2895,-1115
2896,-1031
2897,-1147
2898,-1142
2899,-1121
2900,-1188
2901,-1178
2902,-1106
2903,-1181
2904,-1045
2905,-1289
2906,-1111
2907,-1135
2908,-1007
2909,-1113
2910,-1061
2911,-984
2912,-1111
2913,-1135
2914,-1290
2915,-1247
2916,-1256
2917,-1043
2918,-1289
2919,-1045
2920,-1173
2921,-1245
2922,-1106
2923,-1056
2924,-1033
2925,-1033
2926,-1009
2927,-1003
2928,-992
2929,-1113
2930,-1250
2931,-1181
2932,-1036
2933,-955
2934,-1009
2935,-1150
2936,-1026
2937,-1139
2938,-1169
2939,-1327
2940,-1025
2941,-1093
2942,-1085
2943,-1002
2944,-1040
2945,-1074
2946,-1188
2947,-1183
2948,-990
2949,-1231
2950,-1065
2951,-1020
2952,-1095
2953,-1093
2954,-1003
2955,-1009
2956,-943
2957,-1030
2958,-1012
2959,-918
2960,-1120
2961,-1104
2962,-963
2963,-1042
2964,-1087
2965,-1234
2966,-977
2967,-1012
2968,-1060
2969,-1024
2970,-1090
2971,-922
2972,-1068
2973,-1075
2974,-1127
2975,-1294
2976,-1244
2977,-1091
2978,-1106
2979,-942
2980,-1127
2981,-1157
2982,-1082
2983,-1001
2984,-1099
2985,-1268
2986,-983
2987,-1000
2988,-1140
2989,-1080
2990,-1165
2991,-1245
2992,-1226
2993,-1155
2994,-1269
2995,-1012
2996,-1235
2997,-1016
2998,-1280
2999,-1321
3000,-1096
3001,-1099
3002,-1046
3003,-1011
3004,-978
3005,-1062
3006,-1235
3007,-1152
3008,-1030
3009,-1224
3010,-1051
3011,-1327
3012,-1019
3013,-1021
3014,-1031
3015,-1211
3016,-1106
3017,-1196
3018,-1229
3019,-1152
3020,-1009
3021,-1040
3022,-1047
3023,-982
3024,-1287
3025,-1147
3026,-1234
3027,-1086
3028,-1278
3029,-1154
3030,-1214
3031,-1001
3032,-1149
3033,-1246
3034,-1601
3035,-1231
3036,-1093
3037,-1103
3038,-1212
3039,-1240
3040,-1044
3041,-1109
3042,-1018
3043,-970
3044,-1090
3045,-928
3046,-1188
3047,-1140
3048,-1002
3049,-1087
3050,-994
3051,-1096
3052,-1026
3053,-1135
3054,-1067
3055,-1037
3056,-1223
3057,-1201
3058,-1032
3059,-1189
3060,-1027
3061,-1098
3062,-1142
3063,-1145
3064,-1066
3065,-1108
3066,-1077
3067,-1204
3068,-1290
3069,-960
3070,-1332
3071,-1129
3072,-1157
3073,-1034
3074,-1074
3075,-1167
3076,-1043
3077,-1055
3078,-1109
3079,-1130
3080,-1040
3081,-1048
3082,-1180
3083,-1345
3084,-985
3085,-977
3086,-1038
3087,-977
3088,-917
3089,-1238
3090,-1203
3091,-1003
3092,-1132
3093,-1165
3094,-1121
3095,-1096
3096,-1274
3097,-1354
3098,-1228
3099,-1203
3100,-1053
3101,-1273
3102,-1242
3103,-1119
3104,-1129
3105,-1114
3106,-1009
3107,-948
3108,-1114
3109,-1195
3110,-1155
3111,-990
3112,-1177
3113,-1073
3114,-1221
3115,-1012
3116,-1060
3117,-979
3118,-1041
3119,-951
3120,-1265
3121,-1043
3122,-1135
3123,-938
3124,-1153
3125,-982
3126,-979
3127,-1132
3128,-1131
3129,-1127
3130,-1082
3131,-1078
3132,-884
3133,-1010
3134,-1150
3135,-965
3136,-1182
3137,-909
3138,-1118
3139,-1172
3140,-1148
3141,-984
3142,-1165
3143,-1122
3144,-1077
3145,-1012
3146,-1071
3147,-1249
3148,-975
3149,-1040
3150,-1177
3151,-1222
3152,-1179
3153,-1018
3154,-1011
3155,-1043
3156,-1000
3157,-1104
3158,-1119
3159,-1151
3160,-1318
3161,-1010
3162,-1170
3163,-1060
3164,-979
3165,-1193
3166,-962
3167,-1185
3168,-1159
3169,-1333
3170,-1018
3171,-970
3172,-1057
3173,-1050
3174,-1065
3175,-1063
3176,-976
3177,-1146
3178,-1109
3179,-1044
3180,-1065
3181,-1148
3182,-997
3183,-973
3184,-1361
3185,-1138
3186,-1011
3187,-985
3188,-1082
3189,-1028
3190,-1061
3191,-1034
3192,-1025
3193,-1056
3194,-1169
3195,-1221
3196,-1181
3197,-1076
3198,-1135
3199,-1225
3200,-1127
3201,-1173
3202,-1092
3203,-899
3204,-1195
3205,-1181
3206,-1025
3207,-1275
3208,-1291
3209,-938
3210,-945
3211,-1126
3212,-981
3213,-1037
3214,-1124
3215,-1282
3216,-933
3217,-885
3218,-997
3219,-1064
3220,-1113
3221,-1133
3222,-924
3223,-964
3224,-1081
3225,-1005
3226,-1114
3227,-1056
3228,-1157
3229,-1192
3230,-1018
3231,-1084
3232,-936
3233,-1313
3234,-1129
3235,-1318
3236,-987
3237,-1213
3238,-1242
3239,-1176
3240,-1216
3241,-1249
3242,-1104
3243,-1001
3244,-1025
3245,-1012
3246,-1146
3247,-1147
3248,-1112
3249,-1222
3250,-968
3251,-1059
3252,-1066
3253,-1205
3254,-1019
3255,-1106
3256,-1059
3257,-880
3258,-1101
3259,-994
3260,-1191
3261,-1122
3262,-1203
3263,-1154
3264,-1178
3265,-988
3266,-946
3267,-1073
3268,-963
3269,-1178
3270,-1196
3271,-1083
3272,-1098
3273,-1144
3274,-1329
3275,-1214
3276,-1011
3277,-1040
3278,-976
3279,-1280
3280,-1173
3281,-1156
3282,-1126
3283,-1124
3284,-1017
3285,-1163
3286,-1178
3287,-1043
3288,-1225
3289,-996
3290,-1009
3291,-1093
3292,-1133
3293,-1262
3294,-1175
3295,-1112
3296,-1221
3297,-1022
3298,-1145
3299,-1239
3300,-942
3301,-1267
3302,-1241
3303,-1000
3304,-1239
3305,-1074
3306,-1045
3307,-1034
3308,-1107
3309,-1132
3310,-1024
3311,-1089
3312,-1045
3313,-990
3314,-1030
3315,-1182
3316,-1138
3317,-949
3318,-1104
3319,-1150
3320,-1096
3321,-994
3322,-1091
3323,-1164
3324,-1085
3325,-1055
3326,-1033
3327,-1139
3328,-1043
3329,-960
3330,-1025
3331,-1083
3332,-982
3333,-1262
3334,-1046
3335,-986
3336,-1230
3337,-1139
3338,-1056
3339,-1187
3340,-1281
3341,-1125
3342,-939
3343,-949
3344,-1106
3345,-1249
3346,-999
3347,-1092
3348,-1190
3349,-1089
3350,-904
3351,-1107
3352,-1142
3353,-1161
3354,-1091
3355,-1132
3356,-1162
3357,-1208
3358,-975
3359,-1074
3360,-1088
3361,-1040
3362,-1132
3363,-1049
3364,-1031
3365,-944
3366,-1140
3367,-911
3368,-1211
3369,-1034
3370,-943
3371,-1018
3372,-1037
3373,-1203
3374,-986
3375,-1339
3376,-947
3377,-1132
3378,-1117
3379,-1186
3380,-1158
3381,-982
3382,-1077
3383,-1172
3384,-1034
3385,-1069
3386,-1116
3387,-1150
3388,-1093
3389,-1220
3390,-970
3391,-1319
3392,-1166
3393,-929
3394,-1199
3395,-1076
3396,-1116
3397,-1096
3398,-1070
3399,-1230
3400,-1064
3401,-1153
3402,-959
3403,-1035
3404,-1206
3405,-1106
3406,-971
3407,-986
3408,-1087
3409,-889
3410,-1091
3411,-1135
3412,-1049
3413,-1089
3414,-1239
3415,-1203
3416,-1016
3417,-1088
3418,-1117
3419,-1297
3420,-1119
3421,-1233
3422,-1092
3423,-1339
3424,-1076
3425,-966
3426,-1247
3427,-1099
3428,-1116
3429,-1015
3430,-1193
3431,-1120
3432,-932
3433,-1249
3434,-973
3435,-1066
3436,-1065
3437,-1117
3438,-1010
3439,-1177
3440,-1082
3441,-1204
3442,-1166
3443,-1194
3444,-1338
3445,-1229
3446,-979
3447,-1009
3448,-943
3449,-1224
3450,-1235
3451,-1085
3452,-1134
3453,-1122
3454,-1202
3455,-1187
3456,-977
3457,-1034
3458,-1105
3459,-1190
3460,-1133
3461,-995
3462,-1259
3463,-1112
3464,-1274
3465,-1187
3466,-1232
3467,-1097
3468,-1260
3469,-1128
3470,-1139
3471,-1192
3472,-919
3473,-1046
3474,-1188
3475,-1062
3476,-1113
3477,-951
3478,-1033
3479,-1010
3480,-1108
3481,-1238
3482,-1022
3483,-1090
3484,-1038
3485,-1242
3486,-1308
3487,-1065
3488,-975
3489,-1036
3490,-1175
3491,-1106
3492,-1090
3493,-981
3494,-938
3495,-1132
3496,-1076
3497,-1054
3498,-1059
3499,-1176
3500,-1055
3501,-973
3502,-1128
3503,-1014
3504,-1090
3505,-1205
3506,-1033
3507,-1204
3508,-1040
3509,-1102
3510,-929
3511,-1201
3512,-1218
3513,-1061
3514,-974
3515,-1147
3516,-1107
3517,-959
3518,-1028
3519,-980
3520,-988
3521,-1195
3522,-1099
3523,-1106
3524,-1193
3525,-1172
3526,-1187
3527,-1066
3528,-1135
3529,-1082
3530,-1024
3531,-1081
3532,-1123
3533,-1147
3534,-1040
3535,-961
3536,-1103
3537,-1331
3538,-1091
3539,-1152
3540,-1321
3541,-981
3542,-977
3543,-990
3544,-1012
3545,-1034
3546,-1298
3547,-1181
3548,-1297
3549,-1289
3550,-1052
3551,-1026
3552,-1031
3553,-1023
3554,-1049
3555,-1072
3556,-1113
3557,-1173
3558,-1003
3559,-1086
3560,-1093
3561,-1400
3562,-1145
3563,-1293
3564,-1133
3565,-1053
3566,-1139
3567,-1044
3568,-1139
3569,-1022
3570,-1049
3571,-1015
3572,-1086
3573,-1288
3574,-1102
3575,-989
3576,-1350
3577,-1155
3578,-986
3579,-1009
3580,-1060
3581,-1043
3582,-1042
3583,-1245
3584,-1070
3585,-1136
3586,-1221
3587,-1040
3588,-1219
3589,-922
3590,-1130
3591,-1013
3592,-1062
3593,-978
3594,-1021
3595,-1193
3596,-1241
3597,-993
3598,-928
3599,-1139
3600,-972
3601,-989
3602,-1171
3603,-963
3604,-1001
3605,-954
3606,-1133
3607,-1033
3608,-1023
3609,-998
3610,-974
3611,-887
3612,-1027
3613,-1091
3614,-1179
3615,-869
3616,-1056
3617,-1267
3618,-1076
3619,-1063
3620,-1051
3621,-1106
3622,-1220
3623,-1208
3624,-1069
3625,-1134
3626,-1070
3627,-952
3628,-1210
3629,-1044
3630,-1149
3631,-1143
3632,-1144
3633,-1066
3634,-1186
3635,-1132
3636,-922
3637,-1036
3638,-1099
3639,-1023
3640,-932
3641,-1035
3642,-918
3643,-951
3644,-1150
3645,-1008
3646,-1138
3647,-1127
3648,-1070
3649,-1107
3650,-947
3651,-1002
3652,-1167
3653,-1222
3654,-1171
3655,-1064
3656,-854
3657,-1002
3658,-1216
3659,-1061
3660,-957
3661,-1164
3662,-1072
3663,-1083
3664,-958
3665,-961
3666,-1023
3667,-1195
3668,-986
3669,-1063
3670,-1250
3671,-1223
3672,-1043
3673,-1182
3674,-1185
3675,-1124
3676,-1124
3677,-987
3678,-996
3679,-1081
3680,-1253
3681,-1143
3682,-1054
3683,-984
3684,-980
3685,-1203
3686,-1248
3687,-1042
3688,-1179
3689,-938
3690,-1024
3691,-1102
3692,-929
3693,-1208
3694,-1041
3695,-1128
3696,-1079
3697,-1022
3698,-1234
3699,-960
3700,-1026
3701,-926
3702,-1027
3703,-966
3704,-1156
3705,-1104
3706,-1020
3707,-1278
3708,-982
3709,-1304
3710,-1016
3711,-1048
3712,-1206
3713,-1014
3714,-1048
3715,-1144
3716,-1074
3717,-1064
3718,-1227
3719,-1312
3720,-1191
3721,-1371
3722,-1109
3723,-1084
3724,-1065
3725,-1293
3726,-1121
3727,-1059
3728,-1068
3729,-1131
3730,-1058
3731,-1107
3732,-1284
3733,-958
3734,-1011
3735,-1055
3736,-1042
3737,-1087
3738,-1151
3739,-1045
3740,-923
3741,-971
3742,-1062
3743,-1398
3744,-1046
3745,-1087
3746,-1138
3747,-1271
3748,-1199
3749,-1292
3750,-894
3751,-1091
3752,-1016
3753,-1267
3754,-1094
3755,-1083
3756,-987
3757,-919
3758,-1072
3759,-1086
3760,-1002
3761,-1070
3762,-1248
3763,-1207
3764,-939
3765,-1112
3766,-1080
3767,-1366
3768,-1132
3769,-998
3770,-942
3771,-1198
3772,-1108
3773,-1153
3774,-1085
3775,-957
3776,-996
3777,-1106
3778,-1119
3779,-1049
3780,-1069
3781,-1199
3782,-1258
3783,-903
3784,-1099
3785,-1005
3786,-1012
3787,-1048
3788,-1015
3789,-1061
3790,-966
3791,-1100
3792,-963
3793,-1118
3794,-1134
3795,-1327
3796,-1121
3797,-961
3798,-1196
3799,-1107
3800,-963
3801,-986
3802,-1099
3803,-1030
3804,-1250
3805,-994
3806,-1048
3807,-1091
3808,-1161
3809,-1009
3810,-1138
3811,-1080
3812,-1129
3813,-1110
3814,-1178
3815,-1310
3816,-1271
3817,-978
3818,-1042
3819,-1118
3820,-922
3821,-944
3822,-1195
3823,-1014
3824,-1111
3825,-1011
3826,-1116
3827,-993
3828,-1078
3829,-1136
3830,-1028
3831,-1035
3832,-1124
3833,-1132
3834,-983
3835,-921
3836,-1110
3837,-990
3838,-878
3839,-1067
3840,-1238
3841,-985
3842,-1229
3843,-1052
3844,-1033
3845,-1015
3846,-991
3847,-1190
3848,-1149
3849,-1090
3850,-1271
3851,-1052
3852,-996
3853,-1089
3854,-1028
3855,-1078
3856,-914
3857,-955
3858,-1153
3859,-1179
3860,-1035
3861,-1192
3862,-1081
3863,-981
3864,-1051
3865,-1069
3866,-1228
3867,-1295
3868,-1186
3869,-1182
3870,-1127
3871,-1005
3872,-1123
3873,-1137
3874,-1138
3875,-1084
3876,-912
3877,-1136
3878,-942
3879,-1109
3880,-1060
3881,-1201
3882,-1054
3883,-1129
3884,-978
3885,-1123
3886,-1230
3887,-1223
3888,-1029
3889,-1002
3890,-925
3891,-1143
3892,-1014
3893,-1068
3894,-1134
3895,-1387
3896,-1188
3897,-978
3898,-1018
3899,-1268
3900,-967
3901,-1224
3902,-1092
3903,-1030
3904,-952
3905,-1006
3906,-1141
3907,-1152
3908,-1012
3909,-1158
3910,-1119
3911,-1029
3912,-1149
3913,-1191
3914,-932
3915,-1034
3916,-1183
3917,-1056
3918,-1145
3919,-1045
3920,-1153
3921,-947
3922,-885
3923,-989
3924,-931
3925,-1011
3926,-1168
3927,-1153
3928,-923
3929,-1201
3930,-998
3931,-1022
3932,-1063
3933,-1202
3934,-1096
3935,-1023
3936,-913
3937,-1184
3938,-1209
3939,-1224
3940,-1047
3941,-930
3942,-960
3943,-998
3944,-996
3945,-1157
3946,-1026
3947,-998
3948,-1092
3949,-1156
3950,-1064
3951,-1121
3952,-1009
3953,-1033
3954,-1055
3955,-1085
3956,-1111
3957,-955
3958,-1092
3959,-1104
3960,-1073
3961,-966
3962,-953
3963,-1082
3964,-1078
3965,-928
3966,-1059
3967,-1062
3968,-892
3969,-1337
3970,-1104
3971,-1073
3972,-977
3973,-1128
3974,-1107
3975,-928
3976,-1023
3977,-1095
3978,-1161
3979,-1145
3980,-1282
3981,-1183
3982,-1400
3983,-998
3984,-928
3985,-1116
3986,-1036
3987,-1132
3988,-1098
3989,-1067
3990,-1238
3991,-1219
3992,-1088
3993,-1168
3994,-955
3995,-913
3996,-1268
3997,-1350
3998,-1000
3999,-1065
4000,-1245
4001,-1119
4002,-1296
4003,-1150
4004,-987
4005,-1115
4006,-925
4007,-1172
4008,-1180
4009,-1031
4010,-1000
4011,-1092
4012,-1150
4013,-1085
4014,-1232
4015,-1082
4016,-1213
4017,-1263
4018,-1050
4019,-1088
4020,-1210
4021,-1040
4022,-1270
4023,-958
4024,-986
4025,-1020
4026,-1120
4027,-1216
4028,-1072
4029,-1088
4030,-1244
4031,-984
4032,-1034
4033,-1000
4034,-1072
4035,-1155
4036,-1224
4037,-1154
4038,-1026
4039,-983
4040,-1072
4041,-1010
4042,-1216
4043,-1167
4044,-1020
4045,-1066
4046,-956
4047,-952
4048,-1174
4049,-1221
4050,-1081
4051,-1019
4052,-1070
4053,-1254
4054,-973
4055,-1260
4056,-1202
4057,-996
4058,-995
4059,-1034
4060,-1004
4061,-1227
4062,-1001
4063,-1050
4064,-1059
4065,-1109
4066,-1032
4067,-1144
4068,-1129
4069,-1122
4070,-1094
4071,-978
4072,-1259
4073,-1049
4074,-1023
4075,-1140
4076,-1159
4077,-969
4078,-961
4079,-1024
4080,-1122
4081,-983
4082,-973
4083,-1120
4084,-1250
4085,-1071
4086,-1068
4087,-1179
4088,-1075
4089,-1026
4090,-929
4091,-992
4092,-1000
4093,-1090
4094,-1149
4095,-1284
4096,-1079
4097,-1184
4098,-872
4099,-1337
4100,-956
4101,-1042
4102,-1046
4103,-1131
4104,-1103
4105,-960
4106,-1173
4107,-991
4108,-1000
4109,-1104
4110,-951
4111,-1007
4112,-1033
4113,-983
4114,-1054
4115,-1240
4116,-1027
4117,-1198
4118,-1205
4119,-1117
4120,-1182
4121,-1078
4122,-1151
4123,-1041
4124,-1029
4125,-1003
4126,-1101
4127,-1020
4128,-1027
4129,-1427
4130,-1041
4131,-1139
4132,-1145
4133,-1161
4134,-958
4135,-1228
4136,-941
4137,-993
4138,-1106
4139,-992
4140,-985
4141,-1267
4142,-1152
4143,-1003
4144,-989
4145,-1205
4146,-1060
4147,-1103
4148,-1102
4149,-988
4150,-1312
4151,-1164
4152,-1135
4153,-1173
4154,-1239
4155,-1011
4156,-1023
4157,-1337
4158,-1140
4159,-914
4160,-1273
4161,-1099
4162,-1128
4163,-1268
4164,-1039
4165,-1095
4166,-1223
4167,-1268
4168,-1050
4169,-1299
4170,-948
4171,-998
4172,-1132
4173,-1114
4174,-1082
4175,-1300
4176,-1163
4177,-1075
4178,-1162
4179,-975
4180,-1184
4181,-1035
4182,-1217
4183,-1196
4184,-895
4185,-984
4186,-1027
4187,-1039
4188,-1104
4189,-1280
4190,-953
4191,-1068
4192,-985
4193,-1215
4194,-1031
4195,-1124
4196,-1011
4197,-1134
4198,-1180
4199,-939
4200,-980
4201,-1013
4202,-1180
4203,-1284
4204,-1093
4205,-1020
4206,-1306
4207,-1199
4208,-1096
4209,-1048
4210,-1203
4211,-1025
4212,-1027
4213,-1222
4214,-1059
4215,-1148
4216,-1028
4217,-947
4218,-1034
4219,-1028
4220,-1050
4221,-1024
4222,-1108
4223,-1032
4224,-1278
4225,-974
4226,-918
4227,-1104
4228,-1091
4229,-1112
4230,-1020
4231,-1071
4232,-1014
4233,-1011
4234,-1128
4235,-1141
4236,-1209
4237,-1024
4238,-1128
4239,-1119
4240,-1080
4241,-1300
4242,-1227
4243,-1135
4244,-1006
4245,-1054
4246,-1171
4247,-988
4248,-1102
4249,-1142
4250,-926
4251,-959
4252,-1020
4253,-1303
4254,-1017
4255,-1208
4256,-961
4257,-1290
4258,-1081
4259,-1121
4260,-1146
4261,-994
4262,-1011
4263,-1047
4264,-1133
4265,-1119
4266,-1129
4267,-1274
4268,-999
4269,-1190
4270,-1043
4271,-874
4272,-906
4273,-1291
4274,-1075
4275,-1141
4276,-979
4277,-1197
4278,-1083
4279,-1167
4280,-1258
4281,-1187
4282,-1043
4283,-1101
4284,-1118
4285,-1111
4286,-1233
4287,-1033
4288,-1053
4289,-1098
4290,-1126
4291,-1133
4292,-1071
4293,-1093
4294,-1092
4295,-1166
4296,-1125
4297,-961
4298,-981
4299,-1043
4300,-1227
4301,-1056
4302,-1197
4303,-1210
4304,-1129
4305,-980
4306,-1097
4307,-1079
4308,-1144
4309,-1132
4310,-1341
4311,-1167
4312,-1080
4313,-1186
4314,-1029
4315,-992
4316,-1255
4317,-1070
4318,-1057
4319,-997
4320,-1106
4321,-1080
4322,-1153
4323,-1169
4324,-968
4325,-993
4326,-1054
4327,-986
4328,-1319
4329,-992
4330,-1301
4331,-996
4332,-1094
4333,-1222
4334,-965
4335,-1012
4336,-1171
4337,-983
4338,-1167
4339,-1045
4340,-1349
4341,-926
4342,-1144
4343,-1112
4344,-1186
4345,-1003
4346,-1200
4347,-1095
4348,-1380
4349,-1099
4350,-1037
4351,-1188
4352,-1027
4353,-1025
4354,-1144
4355,-1001
4356,-1045
4357,-1123
4358,-1058
4359,-1148
4360,-1105
4361,-1063
4362,-1292
4363,-1267
4364,-1034
4365,-1174
4366,-1082
4367,-1091
4368,-1162
4369,-1138
4370,-1167
4371,-1254
4372,-1132
4373,-1246
4374,-1103
4375,-1015
4376,-1347
4377,-1146
4378,-978
4379,-1323
4380,-1239
4381,-1184
4382,-989
4383,-992
4384,-1125
4385,-1225
4386,-938
4387,-1224
4388,-1113
4389,-1036
4390,-1120
4391,-1066
4392,-1093
4393,-1067
4394,-932
4395,-1085
4396,-1038
4397,-1062
4398,-1249
4399,-973
4400,-1087
4401,-1150
4402,-1162
4403,-1090
4404,-1201
4405,-979
4406,-1036
4407,-1119
4408,-1237
4409,-1176
4410,-1116
4411,-1152
4412,-1203
4413,-956
4414,-1048
4415,-921
4416,-1087
4417,-1058
4418,-1124
4419,-1185
4420,-1225
4421,-1012
4422,-1199
4423,-1159
4424,-1075
4425,-994
4426,-1090
4427,-1152
4428,-1216
4429,-998
4430,-1005
4431,-1103
4432,-1039
4433,-1097
4434,-1341
4435,-1138
4436,-932
4437,-1082
4438,-1065
4439,-1293
4440,-1392
4441,-1201
4442,-1251
4443,-1131
4444,-1065
4445,-1118
4446,-1162
4447,-1051
4448,-948
4449,-1013
4450,-1471
4451,-1096
4452,-1204
4453,-1041
4454,-1167
4455,-1187
4456,-1071
4457,-1021
4458,-1043
4459,-1005
4460,-1059
4461,-1178
4462,-956
4463,-1046
4464,-1351
4465,-1131
4466,-1353
4467,-1053
4468,-1164
4469,-1010
4470,-1088
4471,-1028
4472,-1081
4473,-1045
4474,-1063
4475,-1255
4476,-944
4477,-1071
4478,-1386
4479,-1164
4480,-1017
4481,-1209
4482,-1306
4483,-1162
4484,-1023
4485,-1067
4486,-1022
4487,-1077
4488,-1200
4489,-936
4490,-1035
4491,-1085
4492,-1309
4493,-1085
4494,-1160
4495,-1137
4496,-1257
4497,-1260
4498,-980
4499,-1186
4500,-1185
4501,-1099
4502,-947
4503,-1288
4504,-1131
4505,-1438
4506,-1027
4507,-1063
4508,-1287
4509,-1540
4510,-1081
4511,-1114
4512,-1063
4513,-1055
4514,-1224
4515,-1051
4516,-1085
4517,-1080
4518,-892
4519,-1132
4520,-1113
4521,-1097
4522,-1173
4523,-946
4524,-1174
4525,-1126
4526,-1190
4527,-1149
4528,-1022
4529,-1215
4530,-1196
4531,-1095
4532,-975
4533,-1195
4534,-1024
4535,-1132
4536,-1110
4537,-1149
4538,-1115
4539,-1191
4540,-985
4541,-1162
4542,-1013
4543,-1029
4544,-1114
4545,-945
4546,-1101
4547,-983
4548,-1073
4549,-994
4550,-1137
4551,-1023
4552,-1036
4553,-1124
4554,-1143
4555,-1111
4556,-1287
4557,-1162
4558,-1150
4559,-1074
4560,-1278
4561,-1102
4562,-1163
4563,-1105
4564,-1160
4565,-1160
4566,-1273
4567,-1188
4568,-1006
4569,-1032
4570,-1113
4571,-1220
4572,-1172
4573,-1088
4574,-1266
4575,-1001
4576,-1262
4577,-1144
4578,-1019
4579,-1091
4580,-1174
4581,-1222
4582,-1236
4583,-1256
4584,-1193
4585,-1182
4586,-1115
4587,-1298
4588,-1218
4589,-1122
4590,-1187
4591,-1240
4592,-1136
4593,-1218
4594,-1128
4595,-1220
4596,-1037
4597,-1026
4598,-1056
4599,-1293
4600,-1096
4601,-1135
4602,-1209
4603,-1167
4604,-1223
4605,-1067
4606,-1061
4607,-1221
4608,-1105
4609,-988
4610,-1246
4611,-1146
4612,-1016
4613,-1318
4614,-981
4615,-1069
4616,-1113
4617,-1057
4618,-1023
4619,-991
4620,-1005
4621,-1120
4622,-1158
4623,-1047
4624,-1263
4625,-1045
4626,-835
4627,-1197
4628,-1231
4629,-959
4630,-1004
4631,-1255
4632,-1107
4633,-991
4634,-985
4635,-1178
4636,-1278
4637,-1002
4638,-1218
4639,-1213
4640,-1178
4641,-1070
4642,-1134
4643,-1278
4644,-1240
4645,-1200
4646,-1207
4647,-1115
4648,-1012
4649,-1107
4650,-1138
4651,-1085
4652,-1031
4653,-1050
4654,-1039
4655,-1023
4656,-977
4657,-970
4658,-1094
4659,-1164
4660,-1118
4661,-1190
4662,-1144
4663,-1108
4664,-979
4665,-1226
4666,-1022
4667,-922
4668,-927
4669,-1138
4670,-1199
4671,-954
4672,-980
4673,-1221
4674,-1098
4675,-1357
4676,-1186
4677,-962
4678,-1110
4679,-1102
4680,-1120
4681,-1233
4682,-1123
4683,-901
4684,-1122
4685,-1174
4686,-1207
4687,-1098
4688,-1070
4689,-1145
4690,-1125
4691,-1259
4692,-1220
4693,-1122
4694,-1074
4695,-1045
4696,-1194
4697,-987
4698,-1070
4699,-1037
4700,-1122
4701,-1141
4702,-978
4703,-932
4704,-1126
4705,-1132
4706,-1041
4707,-1182
4708,-1190
4709,-1104
4710,-968
4711,-1104
4712,-972
4713,-918
4714,-1245
4715,-1212
4716,-1084
4717,-1088
4718,-1070
4719,-1004
4720,-1019
4721,-1205
4722,-1177
4723,-1198
4724,-1192
4725,-1040
4726,-1149
4727,-1045
4728,-971
4729,-1187
4730,-1189
4731,-1223
4732,-989
4733,-1191
4734,-1229
4735,-1038
4736,-984
4737,-1020
4738,-986
4739,-1071
4740,-977
4741,-950
4742,-895
4743,-1208
4744,-979
4745,-1033
4746,-1154
4747,-949
4748,-1016
4749,-1087
4750,-1142
4751,-1025
4752,-991
4753,-1042
4754,-974
4755,-1083
4756,-1213
4757,-1087
4758,-1090
4759,-992
4760,-1022
4761,-1065
4762,-1214
4763,-1122
4764,-993
4765,-1177
4766,-1234
4767,-1170
4768,-1203
4769,-1288
4770,-998
4771,-1227
4772,-1003
4773,-998
4774,-1395
4775,-1232
4776,-1363
4777,-1134
4778,-955
4779,-1195
4780,-1299
4781,-971
4782,-1154
4783,-977
4784,-1141
4785,-1046
4786,-1097
4787,-1151
4788,-964
4789,-1317
4790,-1048
4791,-1162
4792,-1014
4793,-1065
4794,-997
4795,-986
4796,-1313
4797,-999
4798,-1043
4799,-1092
4800,-1142
4801,-920
4802,-1086
4803,-1066
4804,-1070
4805,-1130
4806,-1196
4807,-1266
4808,-986
4809,-1053
4810,-1002
4811,-1050
4812,-1001
4813,-1083
4814,-1044
4815,-1046
4816,-1037
4817,-986
4818,-1201
4819,-1110
4820,-1199
4821,-1231
4822,-1339
4823,-1167
4824,-961
4825,-1202
4826,-1222
4827,-1177
4828,-989
4829,-1256
4830,-959
4831,-933
4832,-1118
4833,-1131
4834,-1197
4835,-1225
4836,-1108
4837,-1333
4838,-1089
4839,-1315
4840,-1288
4841,-1270
4842,-1096
4843,-1096
4844,-1056
4845,-1148
4846,-1059
4847,-1070
4848,-887
4849,-924
4850,-1046
4851,-1188
4852,-1185
4853,-1308
4854,-992
4855,-1218
4856,-1088
4857,-1007
4858,-1105
4859,-1009
4860,-1020
4861,-1075
4862,-1188
4863,-1040
4864,-1221
4865,-1002
4866,-1060
4867,-1149
4868,-1169
4869,-1085
4870,-1240
4871,-1210
4872,-1021
4873,-977
4874,-1119
4875,-1552
4876,-1230
4877,-1027
4878,-1155
4879,-1184
4880,-1254
4881,-1010
4882,-1070
4883,-1094
4884,-1061
4885,-1202
4886,-1196
4887,-1110
4888,-1080
4889,-1075
4890,-1079
4891,-1203
4892,-1149
4893,-1072
4894,-933
4895,-1317
4896,-1192
4897,-1166
4898,-1047
4899,-1131
4900,-1143
4901,-1048
4902,-1162
4903,-1120
4904,-1113
4905,-998
4906,-1138
4907,-1263
4908,-1041
4909,-1305
4910,-1171
4911,-1330
4912,-971
4913,-1129
4914,-1172
4915,-1112
4916,-1165
4917,-1006
4918,-1094
4919,-994
4920,-1089
4921,-1024
4922,-1098
4923,-1373
4924,-1021
4925,-1199
4926,-952
4927,-1145
4928,-1036
4929,-1153
4930,-1051
4931,-1151
4932,-985
4933,-1068
4934,-1148
4935,-1147
4936,-1027
4937,-1254
4938,-1117
4939,-1105
4940,-1136
4941,-1066
4942,-1003
4943,-1040
4944,-1040
4945,-1021
4946,-1019
4947,-1052
4948,-1114
4949,-1216
4950,-1069
4951,-986
4952,-1121
4953,-1002
4954,-1025
4955,-1028
4956,-1139
4957,-1092
4958,-1187
4959,-1145
4960,-896
4961,-1064
4962,-1109
4963,-1195
4964,-1079
4965,-978
4966,-1029
4967,-1114
4968,-1141
4969,-1077
4970,-1260
4971,-1206
4972,-1235
4973,-1074
4974,-1047
4975,-1043
4976,-1214
4977,-1012
4978,-970
4979,-1101
4980,-1278
4981,-995
4982,-1383
4983,-1149
4984,-1053
4985,-1243
4986,-1072
4987,-985
4988,-1318
4989,-994
4990,-1150
4991,-1238
4992,-1337
4993,-1188
4994,-1159
4995,-1137
4996,-996
4997,-1229
4998,-1008
4999,-1051
